-- MySQL dump 10.13  Distrib 8.0.25, for Win64 (x86_64)
--
-- Host: localhost    Database: empresa
-- ------------------------------------------------------
-- Server version	8.0.25

/*!40101 SET @OLD_CHARACTER_SET_CLIENT=@@CHARACTER_SET_CLIENT */;
/*!40101 SET @OLD_CHARACTER_SET_RESULTS=@@CHARACTER_SET_RESULTS */;
/*!40101 SET @OLD_COLLATION_CONNECTION=@@COLLATION_CONNECTION */;
/*!50503 SET NAMES utf8 */;
/*!40103 SET @OLD_TIME_ZONE=@@TIME_ZONE */;
/*!40103 SET TIME_ZONE='+00:00' */;
/*!40014 SET @OLD_UNIQUE_CHECKS=@@UNIQUE_CHECKS, UNIQUE_CHECKS=0 */;
/*!40014 SET @OLD_FOREIGN_KEY_CHECKS=@@FOREIGN_KEY_CHECKS, FOREIGN_KEY_CHECKS=0 */;
/*!40101 SET @OLD_SQL_MODE=@@SQL_MODE, SQL_MODE='NO_AUTO_VALUE_ON_ZERO' */;
/*!40111 SET @OLD_SQL_NOTES=@@SQL_NOTES, SQL_NOTES=0 */;

--
-- Table structure for table `clientes`
--

DROP TABLE IF EXISTS `clientes`;
/*!40101 SET @saved_cs_client     = @@character_set_client */;
/*!50503 SET character_set_client = utf8mb4 */;
CREATE TABLE `clientes` (
  `IDCLIENTE` bigint unsigned NOT NULL AUTO_INCREMENT,
  `RAZON_SOCIAL` varchar(60) COLLATE utf8mb4_unicode_ci NOT NULL,
  `RFC` varchar(15) COLLATE utf8mb4_unicode_ci NOT NULL,
  `created_at` timestamp NULL DEFAULT NULL,
  `updated_at` timestamp NULL DEFAULT NULL,
  PRIMARY KEY (`IDCLIENTE`)
) ENGINE=InnoDB AUTO_INCREMENT=86983 DEFAULT CHARSET=utf8mb4 COLLATE=utf8mb4_unicode_ci;
/*!40101 SET character_set_client = @saved_cs_client */;

--
-- Dumping data for table `clientes`
--

LOCK TABLES `clientes` WRITE;
/*!40000 ALTER TABLE `clientes` DISABLE KEYS */;
INSERT INTO `clientes` VALUES (1,'Oyondu','293868590-4',NULL,NULL),(2,'Tekfly','120749200-0',NULL,NULL),(3,'Zoomcast','190324850-7',NULL,NULL),(4,'Skynoodle','779330889-1',NULL,NULL),(5,'Edgeify','706021623-5',NULL,NULL),(6,'Dablist','707985550-0',NULL,NULL),(7,'Mydo','585889030-X',NULL,NULL),(8,'Jayo','444964948-6',NULL,NULL),(9,'Centizu','936758519-5',NULL,NULL),(10,'Mudo','175690249-6',NULL,NULL),(11,'Podcat','926995322-X',NULL,NULL),(12,'Yodo','979901193-0',NULL,NULL),(13,'Wikizz','992734774-X',NULL,NULL),(14,'Brainverse','867166833-9',NULL,NULL),(15,'Meeveo','241897398-0',NULL,NULL),(16,'Tavu','621550036-4',NULL,NULL),(17,'Podcat','089966231-5',NULL,NULL),(18,'Voonder','990051767-9',NULL,NULL),(19,'Vimbo','983163599-X',NULL,NULL),(20,'Zoombox','099982979-3',NULL,NULL),(21,'Jayo','173693706-5',NULL,NULL),(22,'Skinte','775777475-6',NULL,NULL),(23,'Feedfish','665110428-4',NULL,NULL),(24,'Divanoodle','853934650-8',NULL,NULL),(25,'LiveZ','958978030-X',NULL,NULL),(26,'Devcast','887457979-9',NULL,NULL),(27,'Gigaclub','532606325-5',NULL,NULL),(28,'Livetube','429953166-3',NULL,NULL),(29,'Linktype','691744419-7',NULL,NULL),(30,'Mydo','602690273-2',NULL,NULL),(31,'Shuffledrive','042043219-1',NULL,NULL),(32,'Dablist','295993325-7',NULL,NULL),(33,'Meezzy','649041972-6',NULL,NULL),(34,'Yata','168426985-7',NULL,NULL),(35,'Leenti','675795436-2',NULL,NULL),(36,'Zoovu','250851906-5',NULL,NULL),(37,'Geba','236155609-X',NULL,NULL),(38,'Livetube','470683341-8',NULL,NULL),(39,'Quinu','261729201-0',NULL,NULL),(40,'Thoughtworks','386449481-8',NULL,NULL),(41,'Twiyo','828815850-1',NULL,NULL),(42,'Chatterbridge','978634488-X',NULL,NULL),(43,'Dabtype','509474312-0',NULL,NULL),(44,'Thoughtstorm','594078763-0',NULL,NULL),(45,'Shufflebeat','963149381-4',NULL,NULL),(46,'Browsetype','688879904-2',NULL,NULL),(47,'Skilith','786243819-1',NULL,NULL),(48,'Innojam','699285658-8',NULL,NULL),(49,'Skidoo','447235416-0',NULL,NULL),(50,'Vinte','93097724dsa',NULL,'2022-05-05 10:29:58'),(51,'Rhybox','189143972-3',NULL,NULL),(52,'Linkbridge','002708485-X',NULL,NULL),(53,'Jazzy','545170425-2',NULL,NULL),(54,'Flashdog','681376130-7',NULL,NULL),(55,'Yata','562259989-X',NULL,NULL),(56,'Leexo','959993915-8',NULL,NULL),(57,'Zoonder','350504739-2',NULL,NULL),(58,'Buzzbean','951848267-5',NULL,NULL),(59,'Cogidoo','080047766-9',NULL,NULL),(60,'Wikivu','241077306-0',NULL,NULL),(61,'Jaxspan','447995781-2',NULL,NULL),(62,'Minyx','497645425-8',NULL,NULL),(63,'Jayo','247892857-4',NULL,NULL),(64,'Flipstorm','192948912-9',NULL,NULL),(65,'Eabox','748440451-9',NULL,NULL),(66,'Brainverse','914260166-5',NULL,NULL),(67,'Kazu','593270221-4',NULL,NULL),(68,'Topdrive','272827471-1',NULL,NULL),(69,'Eare','500043973-2',NULL,NULL),(70,'Demimbu','247530546-0',NULL,NULL),(71,'Skaboo','166059741-2',NULL,NULL),(72,'Youspan','436049825-X',NULL,NULL),(73,'Dabfeed','155857976-1',NULL,NULL),(74,'Rhyloo','756284811-4',NULL,NULL),(75,'Browsetype','176836888-0',NULL,NULL),(76,'Zazio','873538025-X',NULL,NULL),(77,'Zoovu','201872241-7',NULL,NULL),(78,'Lazz','995141651-9',NULL,NULL),(79,'Miboo','499631449-4',NULL,NULL),(80,'Jaxnation','196605130-1',NULL,NULL),(81,'Zoomdog','946601436-6',NULL,NULL),(82,'Dablist','394347819-X',NULL,NULL),(83,'Yata','933408900-8',NULL,NULL),(84,'Yadel','872811351-9',NULL,NULL),(85,'Topicstorm','800315841-9',NULL,NULL),(86,'Centizu','547470181-0',NULL,NULL),(87,'Gabtune','675555832-X',NULL,NULL),(88,'Talane','737241622-1',NULL,NULL),(89,'Shufflebeat','757974609-3',NULL,NULL),(90,'Bubblebox','326866025-8',NULL,NULL),(91,'Fanoodle','852715850-7',NULL,NULL),(92,'Browsetype','470739423-X',NULL,NULL),(93,'Kaymbo','293209129-8',NULL,NULL),(94,'Gabvine','926939879-X',NULL,NULL),(95,'Abata','994405050-4',NULL,NULL),(96,'Youtags','474644404-8',NULL,NULL),(97,'Yakidoo','128700696-5',NULL,NULL),(98,'Janyx','534191314-0',NULL,NULL),(99,'Devbug','742171557-6',NULL,NULL),(100,'Katz','830094174-6',NULL,NULL),(101,'Eabox','085360804-0',NULL,NULL),(102,'Oozz','586251958-0',NULL,NULL),(103,'Skipfire','461655953-8',NULL,NULL),(104,'Vimbo','931834103-2',NULL,NULL),(105,'Viva','711568652-1',NULL,NULL),(106,'Fatz','031423834-4',NULL,NULL),(107,'Skiba','447583242-X',NULL,NULL),(108,'Rhycero','885822995-9',NULL,NULL),(109,'Talane','385624669-X',NULL,NULL),(110,'Yodel','860296111-1',NULL,NULL),(111,'Photojam','892867200-7',NULL,NULL),(112,'Oyondu','324249110-6',NULL,NULL),(113,'Feedspan','767744082-7',NULL,NULL),(114,'Topicware','214473909-9',NULL,NULL),(115,'Vitz','668522683-8',NULL,NULL),(116,'Blogtags','879289913-7',NULL,NULL),(117,'Yodo','439152119-9',NULL,NULL),(118,'Skinder','067250942-3',NULL,NULL),(119,'Skimia','612022292-8',NULL,NULL),(120,'Linklinks','736051208-5',NULL,NULL),(121,'Realblab','868917905-4',NULL,NULL),(122,'Mybuzz','303895193-5',NULL,NULL),(123,'Wikibox','683556799-6',NULL,NULL),(124,'Brainlounge','734602560-1',NULL,NULL),(125,'Demimbu','821557895-0',NULL,NULL),(126,'Yakidoo','333927311-1',NULL,NULL),(127,'Jabbersphere','703210989-6',NULL,NULL),(128,'Twitterlist','334148252-0',NULL,NULL),(129,'Brainsphere','697159659-5',NULL,NULL),(130,'Latz','920012655-3',NULL,NULL),(131,'Yamia','679352487-9',NULL,NULL),(132,'Ozu','236564753-7',NULL,NULL),(133,'Zoombeat','461566105-3',NULL,NULL),(134,'Edgeclub','727848527-4',NULL,NULL),(135,'Eamia','192961977-4',NULL,NULL),(136,'Realbridge','441032409-8',NULL,NULL),(137,'Gigabox','004305670-9',NULL,NULL),(138,'Youspan','010344826-8',NULL,NULL),(139,'Vinder','115400451-1',NULL,NULL),(140,'Realcube','703604547-7',NULL,NULL),(141,'Eare','886703897-4',NULL,NULL),(142,'Kamba','718305675-9',NULL,NULL),(143,'Livetube','805365208-5',NULL,NULL),(144,'Gigaclub','642392541-0',NULL,NULL),(145,'Zooxo','229990834-X',NULL,NULL),(146,'Topiclounge','844921946-9',NULL,NULL),(147,'Youtags','578519219-5',NULL,NULL),(148,'Agimba','735838986-7',NULL,NULL),(149,'Abata','543456449-9',NULL,NULL),(150,'Livetube','350791447-6',NULL,NULL),(151,'Fivebridge','206792293-9',NULL,NULL),(152,'Twitterworks','614652229-5',NULL,NULL),(153,'Wikibox','753582738-1',NULL,NULL),(154,'Zoombeat','988281538-3',NULL,NULL),(155,'Skippad','076552125-3',NULL,NULL),(156,'Rhycero','602242012-1',NULL,NULL),(157,'Kanoodle','280011910-1',NULL,NULL),(158,'Gabtype','983580618-7',NULL,NULL),(159,'Jabberstorm','983843681-X',NULL,NULL),(160,'Tagpad','878702646-5',NULL,NULL),(161,'Quaxo','326872512-0',NULL,NULL),(162,'Jetpulse','054116544-5',NULL,NULL),(163,'Thoughtworks','099644860-8',NULL,NULL),(164,'Jabbersphere','918222734-9',NULL,NULL),(165,'Fiveclub','467890482-4',NULL,NULL),(166,'Jetpulse','171786038-9',NULL,NULL),(167,'Zoovu','913540637-2',NULL,NULL),(168,'Latz','063889123-X',NULL,NULL),(169,'Gabcube','920677127-2',NULL,NULL),(170,'Topdrive','603258550-6',NULL,NULL),(171,'Dabtype','975035320-X',NULL,NULL),(172,'Twimm','607432270-8',NULL,NULL),(173,'Eabox','553003365-2',NULL,NULL),(174,'Riffpath','522497676-6',NULL,NULL),(175,'Npath','174974064-8',NULL,NULL),(176,'Flashset','923833786-1',NULL,NULL),(177,'Eimbee','667262332-9',NULL,NULL),(178,'Blogtags','533775512-9',NULL,NULL),(179,'Reallinks','961688191-4',NULL,NULL),(180,'Rhynyx','170821954-4',NULL,NULL),(181,'InnoZ','841957263-2',NULL,NULL),(182,'Thoughtstorm','095428036-9',NULL,NULL),(183,'Voolith','515577958-8',NULL,NULL),(184,'Dabfeed','223501066-0',NULL,NULL),(185,'Realcube','292421325-8',NULL,NULL),(186,'Avavee','820298663-X',NULL,NULL),(187,'Jamia','290729241-2',NULL,NULL),(188,'Browsetype','920249982-9',NULL,NULL),(189,'Tagcat','367240986-3',NULL,NULL),(190,'Ailane','261429021-1',NULL,NULL),(191,'Jabberstorm','663298125-9',NULL,NULL),(192,'Topiczoom','086334096-2',NULL,NULL),(193,'Vitz','516633836-7',NULL,NULL),(194,'Aimbu','207217806-1',NULL,NULL),(195,'Shufflester','715452452-9',NULL,NULL),(196,'Jabbertype','053684559-X',NULL,NULL),(197,'Devpoint','502711487-7',NULL,NULL),(198,'BlogXS','806577300-1',NULL,NULL),(199,'Edgeclub','511869693-3',NULL,NULL),(200,'Gigabox','789677280-9',NULL,NULL),(201,'Gabtune','773344624-4',NULL,NULL),(202,'Fadeo','736320400-4',NULL,NULL),(203,'Podcat','437535177-2',NULL,NULL),(204,'Leexo','174232139-9',NULL,NULL),(205,'Voomm','525159562-X',NULL,NULL),(206,'Cogidoo','940333141-0',NULL,NULL),(207,'Buzzdog','543092345-1',NULL,NULL),(208,'Divanoodle','538274817-9',NULL,NULL),(209,'Zoomcast','197691569-4',NULL,NULL),(210,'Oloo','898029485-9',NULL,NULL),(211,'Eamia','879795182-X',NULL,NULL),(212,'Jazzy','172265159-8',NULL,NULL),(213,'Voonder','965959743-6',NULL,NULL),(214,'Voolia','263406430-6',NULL,NULL),(215,'Thoughtmix','264407012-0',NULL,NULL),(216,'Jaxnation','111547176-7',NULL,NULL),(217,'Blogpad','660334261-8',NULL,NULL),(218,'Topicblab','633276541-0',NULL,NULL),(219,'Plajo','557904539-5',NULL,NULL),(220,'Snaptags','277334620-3',NULL,NULL),(221,'Dynabox','456024166-X',NULL,NULL),(222,'Aimbo','659202919-6',NULL,NULL),(223,'Riffpedia','696159446-8',NULL,NULL),(224,'Wordtune','517902321-1',NULL,NULL),(225,'Layo','076998139-9',NULL,NULL),(226,'Jaxworks','392671888-9',NULL,NULL),(227,'Edgeclub','339637166-6',NULL,NULL),(228,'Voomm','047677230-3',NULL,NULL),(229,'Bluezoom','986258660-5',NULL,NULL),(230,'Plambee','912222508-0',NULL,NULL),(231,'Rhycero','719329612-4',NULL,NULL),(232,'Katz','402986522-4',NULL,NULL),(233,'Wordware','598315120-7',NULL,NULL),(234,'Thoughtmix','056782258-3',NULL,NULL),(235,'Realblab','368816766-X',NULL,NULL),(236,'Kwimbee','268721279-2',NULL,NULL),(237,'Dazzlesphere','292575673-5',NULL,NULL),(238,'Skilith','885923571-5',NULL,NULL),(239,'Quinu','143345084-4',NULL,NULL),(240,'Vipe','963192016-X',NULL,NULL),(241,'Tanoodle','912335042-3',NULL,NULL),(242,'Zoombox','646754745-4',NULL,NULL),(243,'Yodo','810649214-1',NULL,NULL),(244,'Riffpedia','097069227-7',NULL,NULL),(245,'Mynte','405161488-3',NULL,NULL),(246,'Skipstorm','792465542-5',NULL,NULL),(247,'Avamba','912632519-5',NULL,NULL),(248,'Flashspan','979014780-5',NULL,NULL),(249,'Voonder','227194629-8',NULL,NULL),(250,'Rhynoodle','379550930-0',NULL,NULL),(251,'Meejo','084943442-4',NULL,NULL),(252,'Browseblab','208708314-2',NULL,NULL),(253,'Npath','260142778-7',NULL,NULL),(254,'Wikivu','716774671-1',NULL,NULL),(255,'Vitz','435844297-8',NULL,NULL),(256,'Avamm','546864933-0',NULL,NULL),(257,'Latz','949811178-2',NULL,NULL),(258,'Eayo','471182242-9',NULL,NULL),(259,'Feedfire','800142172-4',NULL,NULL),(260,'Skidoo','414300864-5',NULL,NULL),(261,'Fiveclub','230118927-9',NULL,NULL),(262,'Yakidoo','097915141-4',NULL,NULL),(263,'Yodo','226407468-X',NULL,NULL),(264,'Avamm','857231564-0',NULL,NULL),(265,'Browseblab','560654088-6',NULL,NULL),(266,'Meembee','581015381-X',NULL,NULL),(267,'Brainlounge','185506787-0',NULL,NULL),(268,'Yacero','716822560-X',NULL,NULL),(269,'Jayo','219482472-3',NULL,NULL),(270,'Tavu','981692481-1',NULL,NULL),(271,'Yombu','586291051-4',NULL,NULL),(272,'Agimba','721748129-5',NULL,NULL),(273,'Zoomzone','074303273-X',NULL,NULL),(274,'Blogpad','780184108-5',NULL,NULL),(275,'Skipfire','579198768-4',NULL,NULL),(276,'Buzzdog','567600421-5',NULL,NULL),(277,'Jaxbean','859614147-2',NULL,NULL),(278,'Zoomlounge','953021889-3',NULL,NULL),(279,'Mudo','896385853-7',NULL,NULL),(280,'Avamm','947033464-7',NULL,NULL),(281,'Youspan','706955789-2',NULL,NULL),(282,'Edgepulse','596776399-6',NULL,NULL),(283,'Skimia','419820499-3',NULL,NULL),(284,'Cogibox','091532142-4',NULL,NULL),(285,'Mydo','298025901-2',NULL,NULL),(286,'Quatz','671064672-6',NULL,NULL),(287,'Thoughtbridge','291458841-0',NULL,NULL),(288,'Tagtune','405820580-6',NULL,NULL),(289,'Devpulse','103901798-3',NULL,NULL),(290,'Tazz','104288801-9',NULL,NULL),(291,'Dynabox','760332762-8',NULL,NULL),(292,'Npath','358466736-4',NULL,NULL),(293,'Bluejam','377202138-7',NULL,NULL),(294,'Centidel','619533190-2',NULL,NULL),(295,'Bubbletube','905785531-3',NULL,NULL),(296,'Demimbu','633038451-7',NULL,NULL),(297,'Eamia','246372614-8',NULL,NULL),(298,'Einti','270816079-6',NULL,NULL),(299,'Jaxnation','633408195-0',NULL,NULL),(300,'Brainsphere','469332247-4',NULL,NULL),(301,'Skiba','403502965-3',NULL,NULL),(302,'Ooba','931582256-0',NULL,NULL),(303,'Skyvu','484250681-4',NULL,NULL),(304,'Jabberbean','844710934-8',NULL,NULL),(305,'Twitterbridge','310418436-4',NULL,NULL),(306,'Eare','392883260-3',NULL,NULL),(307,'Tazz','827256594-3',NULL,NULL),(308,'Buzzbean','377675228-9',NULL,NULL),(309,'Realmix','174054159-6',NULL,NULL),(310,'Jazzy','987934603-3',NULL,NULL),(311,'Yambee','013970798-0',NULL,NULL),(312,'Kazu','712008509-3',NULL,NULL),(313,'Realmix','285621581-5',NULL,NULL),(314,'Yabox','753955571-8',NULL,NULL),(315,'Gabtune','615883646-X',NULL,NULL),(316,'Twitterlist','056068983-7',NULL,NULL),(317,'Feedbug','738213983-2',NULL,NULL),(318,'Photospace','881012370-0',NULL,NULL),(319,'Gabtune','481422096-0',NULL,NULL),(320,'Zooxo','332134677-X',NULL,NULL),(321,'Dabtype','656805681-2',NULL,NULL),(322,'Zava','019813513-0',NULL,NULL),(323,'Oyondu','738332314-9',NULL,NULL),(324,'Yabox','500737199-8',NULL,NULL),(325,'Podcat','869797517-4',NULL,NULL),(326,'Skivee','350743114-9',NULL,NULL),(327,'Oozz','255787321-7',NULL,NULL),(328,'Tazzy','120495345-7',NULL,NULL),(329,'Zoomzone','789104593-3',NULL,NULL),(330,'Voonder','948012607-9',NULL,NULL),(331,'Wordware','092962295-2',NULL,NULL),(332,'Trilith','016227007-0',NULL,NULL),(333,'Youfeed','301827116-5',NULL,NULL),(334,'Centidel','779364318-6',NULL,NULL),(335,'Twiyo','285102470-1',NULL,NULL),(336,'Jaxworks','109710662-4',NULL,NULL),(337,'Skiba','729683813-2',NULL,NULL),(338,'Avamba','649834779-1',NULL,NULL),(339,'Talane','419672000-5',NULL,NULL),(340,'Oyonder','920933435-3',NULL,NULL),(341,'Yakitri','426664900-2',NULL,NULL),(342,'Flipbug','723840006-5',NULL,NULL),(343,'Shufflester','468464958-X',NULL,NULL),(344,'Oyonder','667522617-7',NULL,NULL),(345,'Browseblab','458028901-3',NULL,NULL),(346,'Eadel','651310655-9',NULL,NULL),(347,'Myworks','842755494-X',NULL,NULL),(348,'Twitterwire','443014874-0',NULL,NULL),(349,'Centimia','414713456-4',NULL,NULL),(350,'Edgepulse','946449797-1',NULL,NULL),(351,'Quinu','896135717-4',NULL,NULL),(352,'Devpulse','141158980-7',NULL,NULL),(353,'Livefish','711308021-9',NULL,NULL),(354,'Buzzdog','489821948-9',NULL,NULL),(355,'Photolist','431456263-3',NULL,NULL),(356,'Devpoint','898243005-9',NULL,NULL),(357,'Rhybox','787383483-2',NULL,NULL),(358,'Blogspan','986561287-9',NULL,NULL),(359,'Izio','974307672-7',NULL,NULL),(360,'Zazio','440705369-0',NULL,NULL),(361,'Feedfire','693538810-4',NULL,NULL),(362,'Edgeclub','638153610-1',NULL,NULL),(363,'Eare','275648115-7',NULL,NULL),(364,'Edgeclub','674417593-9',NULL,NULL),(365,'Kamba','764648123-8',NULL,NULL),(366,'Devshare','910423964-4',NULL,NULL),(367,'Yodo','052565332-5',NULL,NULL),(368,'Topiczoom','993405246-6',NULL,NULL),(369,'Buzzdog','706712549-9',NULL,NULL),(370,'Realbuzz','605846777-2',NULL,NULL),(371,'Topicstorm','705233020-2',NULL,NULL),(372,'Gigaclub','089347379-0',NULL,NULL),(373,'Devify','796278596-9',NULL,NULL),(374,'Thoughtbridge','105881846-5',NULL,NULL),(375,'Quaxo','445690220-5',NULL,NULL),(376,'Jaxbean','483990920-2',NULL,NULL),(377,'Teklist','462706984-7',NULL,NULL),(378,'Pixope','379712395-7',NULL,NULL),(379,'Realblab','535117872-9',NULL,NULL),(380,'Riffpedia','568799563-3',NULL,NULL),(381,'Twimbo','456687275-0',NULL,NULL),(382,'Flashpoint','576518428-6',NULL,NULL),(383,'Jazzy','088569148-2',NULL,NULL),(384,'Tagpad','724829176-5',NULL,NULL),(385,'LiveZ','488706561-2',NULL,NULL),(386,'Tagchat','713662708-7',NULL,NULL),(387,'Eadel','940295690-5',NULL,NULL),(388,'Skidoo','625632541-9',NULL,NULL),(389,'Wikibox','313570747-4',NULL,NULL),(390,'Mynte','541165820-9',NULL,NULL),(391,'Jabberbean','581783807-9',NULL,NULL),(392,'Brainbox','214437013-3',NULL,NULL),(393,'Roombo','731752724-6',NULL,NULL),(394,'Browsetype','486064495-6',NULL,NULL),(395,'Edgeclub','497608107-9',NULL,NULL),(396,'Devshare','344972421-5',NULL,NULL),(397,'Voomm','697999247-3',NULL,NULL),(398,'Lajo','496085821-4',NULL,NULL),(399,'Skinte','454810333-3',NULL,NULL),(400,'Divavu','009056919-9',NULL,NULL),(401,'Livefish','307070143-4',NULL,NULL),(402,'Skynoodle','116208728-5',NULL,NULL),(403,'Jabbersphere','708316897-0',NULL,NULL),(404,'Meembee','675956944-X',NULL,NULL),(405,'JumpXS','740535871-3',NULL,NULL),(406,'Devify','134940102-1',NULL,NULL),(407,'Gabtype','106425870-0',NULL,NULL),(408,'Skimia','244088212-7',NULL,NULL),(409,'Gabspot','727691981-1',NULL,NULL),(410,'Photobug','866164269-8',NULL,NULL),(411,'Linklinks','282670197-5',NULL,NULL),(412,'Skajo','725948846-8',NULL,NULL),(413,'Cogidoo','879658129-8',NULL,NULL),(414,'Eimbee','355033296-3',NULL,NULL),(415,'Fiveclub','102581644-7',NULL,NULL),(416,'Blogtags','765002195-5',NULL,NULL),(417,'Livepath','605918864-8',NULL,NULL),(418,'Trupe','501319631-0',NULL,NULL),(419,'Oloo','221327205-0',NULL,NULL),(420,'Quimba','444242680-5',NULL,NULL),(421,'Wordtune','893101156-3',NULL,NULL),(422,'Photofeed','879834883-3',NULL,NULL),(423,'Mybuzz','046790682-3',NULL,NULL),(424,'Riffpath','899925094-6',NULL,NULL),(425,'Rhynoodle','267840345-9',NULL,NULL),(426,'Skinder','003228930-8',NULL,NULL),(427,'Flashpoint','698604055-5',NULL,NULL),(428,'Camimbo','962947362-3',NULL,NULL),(429,'Miboo','838344071-5',NULL,NULL),(430,'Thoughtstorm','953125455-9',NULL,NULL),(431,'Yamia','506905827-4',NULL,NULL),(432,'Eidel','901916402-3',NULL,NULL),(433,'Skajo','841076735-X',NULL,NULL),(434,'Brainverse','062449444-6',NULL,NULL),(435,'Tagtune','073481466-6',NULL,NULL),(436,'Dynava','850826176-4',NULL,NULL),(437,'Dabvine','569528149-0',NULL,NULL),(438,'Thoughtstorm','788583222-8',NULL,NULL),(439,'Bubbletube','153732130-7',NULL,NULL),(440,'Photospace','355714478-X',NULL,NULL),(441,'Dynabox','755764411-5',NULL,NULL),(442,'Dablist','021288581-2',NULL,NULL),(443,'Oyoloo','756158172-6',NULL,NULL),(444,'Plajo','218967537-5',NULL,NULL),(445,'Rhynyx','870396267-9',NULL,NULL),(446,'Skynoodle','879923716-4',NULL,NULL),(447,'Aimbu','511985965-8',NULL,NULL),(448,'Jabbersphere','668575383-8',NULL,NULL),(449,'Wordify','560306994-5',NULL,NULL),(450,'Topicblab','588979706-9',NULL,NULL),(451,'Ailane','332853780-5',NULL,NULL),(452,'Shufflebeat','343984618-0',NULL,NULL),(453,'Kaymbo','304989969-7',NULL,NULL),(454,'Feedspan','752847443-6',NULL,NULL),(455,'Tagopia','306349600-6',NULL,NULL),(456,'Jetpulse','899625265-4',NULL,NULL),(457,'Bubblebox','622777387-5',NULL,NULL),(458,'Ainyx','766388271-7',NULL,NULL),(459,'Browsecat','973546743-7',NULL,NULL),(460,'Zava','867708408-8',NULL,NULL),(461,'Youspan','671990760-3',NULL,NULL),(462,'Tagcat','904987698-6',NULL,NULL),(463,'Tavu','662140640-1',NULL,NULL),(464,'Yotz','340358789-4',NULL,NULL),(465,'Leenti','784392404-3',NULL,NULL),(466,'Yodel','055652796-8',NULL,NULL),(467,'Plambee','423927892-9',NULL,NULL),(468,'Zava','210412153-1',NULL,NULL),(469,'Youspan','282582605-7',NULL,NULL),(470,'Dynazzy','905796926-2',NULL,NULL),(471,'Flashpoint','086483806-9',NULL,NULL),(472,'Yodel','888587603-X',NULL,NULL),(473,'Voolia','277552738-8',NULL,NULL),(474,'Thoughtstorm','690876727-2',NULL,NULL),(475,'Gabtune','529039321-8',NULL,NULL),(476,'Feedspan','429822546-1',NULL,NULL),(477,'Mynte','553128959-6',NULL,NULL),(478,'Livetube','045050349-6',NULL,NULL),(479,'Aimbo','401365976-X',NULL,NULL),(480,'Oloo','100641733-8',NULL,NULL),(481,'Aivee','849645419-3',NULL,NULL),(482,'Skyba','944817807-7',NULL,NULL),(483,'Jabberbean','638006671-3',NULL,NULL),(484,'Wordpedia','486907352-8',NULL,NULL),(485,'Zoomzone','071877301-2',NULL,NULL),(486,'Rhynoodle','249921402-3',NULL,NULL),(487,'Tagcat','915983725-X',NULL,NULL),(488,'Cogibox','023486379-X',NULL,NULL),(489,'Flashspan','288323300-4',NULL,NULL),(490,'Latz','377961805-2',NULL,NULL),(491,'Zoombox','161794034-8',NULL,NULL),(492,'Yozio','728811701-4',NULL,NULL),(493,'Yata','175677790-X',NULL,NULL),(494,'Buzzshare','219620570-2',NULL,NULL),(495,'Tagfeed','178784458-7',NULL,NULL),(496,'Zoovu','236126995-3',NULL,NULL),(497,'Devify','416478628-0',NULL,NULL),(498,'Quinu','865452513-4',NULL,NULL),(499,'Vidoo','782439507-3',NULL,NULL),(500,'Voonix','144463620-0',NULL,NULL),(501,'Centizu','280658725-5',NULL,NULL),(502,'Babbleopia','397734061-1',NULL,NULL),(503,'Rooxo','170554547-5',NULL,NULL),(504,'Flashset','520459803-0',NULL,NULL),(505,'Bubbletube','968177204-0',NULL,NULL),(506,'Shuffletag','674694722-X',NULL,NULL),(507,'Cogibox','005665899-0',NULL,NULL),(508,'Divanoodle','438130502-7',NULL,NULL),(509,'Brightdog','387290006-4',NULL,NULL),(510,'Izio','560680066-7',NULL,NULL),(511,'Wikizz','554089576-2',NULL,NULL),(512,'Mydo','160647944-X',NULL,NULL),(513,'Dabvine','202668329-8',NULL,NULL),(514,'Realpoint','751738561-5',NULL,NULL),(515,'Shufflebeat','964320601-7',NULL,NULL),(516,'Topiczoom','475756761-8',NULL,NULL),(517,'Blogpad','565753346-1',NULL,NULL),(518,'Katz','979508217-5',NULL,NULL),(519,'Leexo','479021300-5',NULL,NULL),(520,'Flipstorm','601140624-6',NULL,NULL),(521,'Fadeo','049140419-0',NULL,NULL),(522,'Voonyx','453873489-6',NULL,NULL),(523,'Twitterwire','509837535-5',NULL,NULL),(524,'Bluezoom','181463729-X',NULL,NULL),(525,'Browsedrive','967152934-8',NULL,NULL),(526,'Viva','872963917-4',NULL,NULL),(527,'Kanoodle','935328952-1',NULL,NULL),(528,'Vinte','841855246-8',NULL,NULL),(529,'Skipstorm','905504760-0',NULL,NULL),(530,'Kwimbee','731497452-7',NULL,NULL),(531,'Buzzster','924729508-4',NULL,NULL),(532,'Quinu','161535066-7',NULL,NULL),(533,'Meejo','519208005-3',NULL,NULL),(534,'Ntags','389870794-6',NULL,NULL),(535,'Devpulse','434632126-7',NULL,NULL),(536,'Tavu','596962958-8',NULL,NULL),(537,'Livefish','210330655-4',NULL,NULL),(538,'Dynabox','701782767-8',NULL,NULL),(539,'Feedfish','300120033-2',NULL,NULL),(540,'Innotype','672035803-0',NULL,NULL),(541,'Livefish','545051389-5',NULL,NULL),(542,'Flipopia','237316625-9',NULL,NULL),(543,'Teklist','956351837-3',NULL,NULL),(544,'Wordtune','309594826-3',NULL,NULL),(545,'Rhyloo','845912921-7',NULL,NULL),(546,'Flipbug','989300252-4',NULL,NULL),(547,'Riffwire','005030967-6',NULL,NULL),(548,'Tagfeed','092155285-8',NULL,NULL),(549,'Skynoodle','638978092-3',NULL,NULL),(550,'Kimia','683470736-0',NULL,NULL),(551,'Brightdog','209262410-5',NULL,NULL),(552,'Wikizz','868403664-6',NULL,NULL),(553,'Fiveclub','211331887-3',NULL,NULL),(554,'Zooxo','551005748-3',NULL,NULL),(555,'Kazu','939488095-X',NULL,NULL),(556,'Topicblab','000463395-4',NULL,NULL),(557,'Voolith','387126938-7',NULL,NULL),(558,'Photofeed','194795085-1',NULL,NULL),(559,'Jabbersphere','017370467-0',NULL,NULL),(560,'Livefish','674455226-0',NULL,NULL),(561,'Npath','041846688-2',NULL,NULL),(562,'Browsedrive','340031927-9',NULL,NULL),(563,'Dabshots','541404076-1',NULL,NULL),(564,'Trupe','335573251-6',NULL,NULL),(565,'Gabtype','400453435-6',NULL,NULL),(566,'Quinu','620888054-8',NULL,NULL),(567,'Chatterpoint','381955064-X',NULL,NULL),(568,'Reallinks','523559161-5',NULL,NULL),(569,'Shuffledrive','914031340-9',NULL,NULL),(570,'Yadel','138989192-5',NULL,NULL),(571,'Devpulse','509537815-9',NULL,NULL),(572,'Geba','766751978-1',NULL,NULL),(573,'Divanoodle','038108939-8',NULL,NULL),(574,'Innojam','699604743-9',NULL,NULL),(575,'Voonte','300645494-4',NULL,NULL),(576,'Plambee','963817380-7',NULL,NULL),(577,'Abatz','146200496-2',NULL,NULL),(578,'Topicshots','509657608-6',NULL,NULL),(579,'Kare','119672269-2',NULL,NULL),(580,'Gigashots','455586046-2',NULL,NULL),(581,'Ntags','784742873-3',NULL,NULL),(582,'Vimbo','148108129-2',NULL,NULL),(583,'Fanoodle','564174326-7',NULL,NULL),(584,'Trilith','214093426-1',NULL,NULL),(585,'Fatz','974832861-9',NULL,NULL),(586,'Edgeclub','925413233-0',NULL,NULL),(587,'Voonder','816227227-5',NULL,NULL),(588,'Jamia','635554485-2',NULL,NULL),(589,'Rhynoodle','210695371-2',NULL,NULL),(590,'Einti','636224024-3',NULL,NULL),(591,'Browsetype','070731595-6',NULL,NULL),(592,'Photobug','719101394-X',NULL,NULL),(593,'Feedfire','463587923-2',NULL,NULL),(594,'Youspan','792314261-0',NULL,NULL),(595,'Wikido','248829500-0',NULL,NULL),(596,'Mydo','399848827-8',NULL,NULL),(597,'Zoomzone','944985002-X',NULL,NULL),(598,'Linkbridge','161049915-8',NULL,NULL),(599,'Twiyo','667897220-1',NULL,NULL),(600,'Plajo','065958010-1',NULL,NULL),(601,'Blogtags','996122534-1',NULL,NULL),(602,'Avamm','525216648-X',NULL,NULL),(603,'Blogtag','082153530-7',NULL,NULL),(604,'Yakijo','851731342-9',NULL,NULL),(605,'Ooba','678592213-5',NULL,NULL),(606,'Topiclounge','176999748-2',NULL,NULL),(607,'Realpoint','308481354-X',NULL,NULL),(608,'Kwinu','014974015-8',NULL,NULL),(609,'Yombu','015507364-8',NULL,NULL),(610,'Flashspan','134165901-1',NULL,NULL),(611,'Yoveo','353346215-3',NULL,NULL),(612,'Dablist','175759298-9',NULL,NULL),(613,'Skibox','405828503-6',NULL,NULL),(614,'Eamia','332591993-6',NULL,NULL),(615,'Browsebug','523001635-3',NULL,NULL),(616,'Ozu','404569004-2',NULL,NULL),(617,'Gigabox','209332212-9',NULL,NULL),(618,'Linkbuzz','763249780-3',NULL,NULL),(619,'Janyx','195618071-0',NULL,NULL),(620,'Trudoo','011053216-3',NULL,NULL),(621,'Skiba','690710731-7',NULL,NULL),(622,'Eabox','189468845-7',NULL,NULL),(623,'Fivechat','844493748-7',NULL,NULL),(624,'Browsebug','338259796-9',NULL,NULL),(625,'Rhynoodle','445837756-6',NULL,NULL),(626,'Livefish','714967227-2',NULL,NULL),(627,'Jetpulse','896846282-8',NULL,NULL),(628,'Yodel','016388817-5',NULL,NULL),(629,'Geba','858146528-5',NULL,NULL),(630,'Demimbu','851212343-5',NULL,NULL),(631,'Tagchat','720740229-5',NULL,NULL),(632,'Meeveo','114306862-9',NULL,NULL),(633,'Gabvine','650233667-1',NULL,NULL),(634,'Wordpedia','216970436-1',NULL,NULL),(635,'Roombo','534104983-7',NULL,NULL),(636,'Babbleopia','238872960-2',NULL,NULL),(637,'Buzzshare','344086132-5',NULL,NULL),(638,'Oba','859129044-5',NULL,NULL),(639,'Twitterbeat','982766399-2',NULL,NULL),(640,'Divape','269362733-8',NULL,NULL),(641,'Meejo','084268148-5',NULL,NULL),(642,'Eayo','521461108-0',NULL,NULL),(643,'Izio','265235722-0',NULL,NULL),(644,'Meetz','674148509-0',NULL,NULL),(645,'Tambee','035365527-9',NULL,NULL),(646,'Devcast','510167833-3',NULL,NULL),(647,'Voonix','635931254-9',NULL,NULL),(648,'Dabshots','919116577-6',NULL,NULL),(649,'Roodel','095321880-5',NULL,NULL),(650,'Gabtune','296146475-7',NULL,NULL),(651,'Photobug','504426179-3',NULL,NULL),(652,'Wikivu','510683234-9',NULL,NULL),(653,'Blognation','269946310-8',NULL,NULL),(654,'Einti','517015948-X',NULL,NULL),(655,'Buzzster','521331963-7',NULL,NULL),(656,'Voonte','326169837-3',NULL,NULL),(657,'Yodo','450534898-9',NULL,NULL),(658,'Riffpath','496340606-3',NULL,NULL),(659,'Topiclounge','951275127-5',NULL,NULL),(660,'Meevee','885272372-2',NULL,NULL),(661,'Pixoboo','359502346-3',NULL,NULL),(662,'Voomm','559055558-2',NULL,NULL),(663,'Demivee','228588220-3',NULL,NULL),(664,'Topicblab','891324352-0',NULL,NULL),(665,'Tagpad','336480130-4',NULL,NULL),(666,'Feedbug','354934879-7',NULL,NULL),(667,'Skyba','581125063-0',NULL,NULL),(668,'Bluezoom','600229907-6',NULL,NULL),(669,'Brainlounge','028436285-9',NULL,NULL),(670,'Flipbug','138211432-X',NULL,NULL),(671,'Twitterbridge','071586843-8',NULL,NULL),(672,'Devbug','423526941-0',NULL,NULL),(673,'Dabshots','232984770-X',NULL,NULL),(674,'Podcat','309783411-7',NULL,NULL),(675,'Photobean','303510094-2',NULL,NULL),(676,'Photospace','982843057-6',NULL,NULL),(677,'Realmix','800188825-8',NULL,NULL),(678,'DabZ','380230806-9',NULL,NULL),(679,'Yodo','797816452-7',NULL,NULL),(680,'Rhybox','589970717-8',NULL,NULL),(681,'Browsezoom','560048262-0',NULL,NULL),(682,'Jabbersphere','004912928-7',NULL,NULL),(683,'Yotz','039993483-9',NULL,NULL),(684,'Eimbee','696924203-X',NULL,NULL),(685,'Cogilith','217867204-3',NULL,NULL),(686,'Jayo','613627544-9',NULL,NULL),(687,'Gabspot','804236789-9',NULL,NULL),(688,'Thoughtstorm','715253231-1',NULL,NULL),(689,'Meetz','751309283-4',NULL,NULL),(690,'Zazio','230835919-6',NULL,NULL),(691,'Youbridge','916382503-1',NULL,NULL),(692,'Voolia','642117464-7',NULL,NULL),(693,'Mynte','558498189-3',NULL,NULL),(694,'Edgewire','555599227-0',NULL,NULL),(695,'Mydo','925516866-5',NULL,NULL),(696,'Voonyx','630296867-4',NULL,NULL),(697,'Kamba','981283632-2',NULL,NULL),(698,'Plajo','114259261-8',NULL,NULL),(699,'Roombo','169555475-2',NULL,NULL),(700,'Jaxworks','290634531-8',NULL,NULL),(701,'Aivee','677485669-1',NULL,NULL),(702,'Ainyx','962929409-5',NULL,NULL),(703,'Fliptune','360331759-9',NULL,NULL),(704,'Topiczoom','544096240-9',NULL,NULL),(705,'Photobug','935002286-9',NULL,NULL),(706,'Katz','663971048-X',NULL,NULL),(707,'Mynte','560940211-5',NULL,NULL),(708,'Thoughtworks','301159247-0',NULL,NULL),(709,'Brainverse','352376583-8',NULL,NULL),(710,'Photofeed','650266817-8',NULL,NULL),(711,'Zava','442884344-5',NULL,NULL),(712,'Chatterbridge','395945562-3',NULL,NULL),(713,'Meemm','445241474-5',NULL,NULL),(714,'Meemm','485851631-8',NULL,NULL),(715,'Zoomzone','165343461-9',NULL,NULL),(716,'Agivu','147104602-8',NULL,NULL),(717,'Dynazzy','671633068-2',NULL,NULL),(718,'Jabbertype','182364139-3',NULL,NULL),(719,'Voonte','445895880-1',NULL,NULL),(720,'Jabbersphere','934514168-5',NULL,NULL),(721,'Browsetype','716956521-8',NULL,NULL),(722,'Jaloo','025205276-5',NULL,NULL),(723,'Skyvu','060938465-1',NULL,NULL),(724,'Dablist','267535927-0',NULL,NULL),(725,'Thoughtsphere','992844511-7',NULL,NULL),(726,'Gabvine','611390785-6',NULL,NULL),(727,'Ainyx','238885640-X',NULL,NULL),(728,'Thoughtworks','017291905-3',NULL,NULL),(729,'Lajo','880673911-5',NULL,NULL),(730,'Realbridge','616870253-9',NULL,NULL),(731,'Mynte','152312307-9',NULL,NULL),(732,'Edgeblab','928930333-6',NULL,NULL),(733,'Plambee','039793514-5',NULL,NULL),(734,'Lazzy','924080448-X',NULL,NULL),(735,'Voonte','592832791-9',NULL,NULL),(736,'Riffpedia','092556952-6',NULL,NULL),(737,'Skyndu','163940460-0',NULL,NULL),(738,'Riffpedia','577197823-X',NULL,NULL),(739,'Dynabox','092011409-1',NULL,NULL),(740,'Kanoodle','135995920-3',NULL,NULL),(741,'Yodel','568832398-1',NULL,NULL),(742,'Midel','097122065-4',NULL,NULL),(743,'Twinte','890195355-2',NULL,NULL),(744,'Dynabox','540535224-1',NULL,NULL),(745,'Yabox','528186002-X',NULL,NULL),(746,'Twitterlist','013444626-7',NULL,NULL),(747,'Quinu','748468617-4',NULL,NULL),(748,'BlogXS','916008096-5',NULL,NULL),(749,'Jabbercube','033832610-3',NULL,NULL),(750,'Tekfly','533223100-8',NULL,NULL),(751,'Feednation','837954285-1',NULL,NULL),(752,'Trilith','812333040-5',NULL,NULL),(753,'Youopia','353206161-9',NULL,NULL),(754,'Skajo','556019368-2',NULL,NULL),(755,'Gabcube','152197619-8',NULL,NULL),(756,'Eabox','948161421-2',NULL,NULL),(757,'Bluezoom','506121270-3',NULL,NULL),(758,'Topiclounge','450964467-1',NULL,NULL),(759,'Lazzy','384854791-0',NULL,NULL),(760,'Flashdog','506784541-4',NULL,NULL),(761,'Skinder','021250892-X',NULL,NULL),(762,'Fatz','889811592-X',NULL,NULL),(763,'Tavu','535213710-4',NULL,NULL),(764,'Jaxnation','778828263-4',NULL,NULL),(765,'Devify','801583605-0',NULL,NULL),(766,'Midel','440152121-8',NULL,NULL),(767,'Quamba','005665516-9',NULL,NULL),(768,'Jabbersphere','276292784-6',NULL,NULL),(769,'Buzzshare','558397763-9',NULL,NULL),(770,'Riffwire','805230649-3',NULL,NULL),(771,'Riffwire','461843664-6',NULL,NULL),(772,'Skyble','248817831-4',NULL,NULL),(773,'Tagtune','175755304-5',NULL,NULL),(774,'Katz','111915539-8',NULL,NULL),(775,'Babbleset','647371108-2',NULL,NULL),(776,'Skiptube','843617813-0',NULL,NULL),(777,'Zoomdog','983317881-2',NULL,NULL),(778,'Jaxspan','292099772-6',NULL,NULL),(779,'Trupe','584661230-X',NULL,NULL),(780,'Plajo','303332460-6',NULL,NULL),(781,'Ainyx','784491415-7',NULL,NULL),(782,'Realbuzz','207393055-7',NULL,NULL),(783,'Bubbletube','356311753-5',NULL,NULL),(784,'Talane','090355229-9',NULL,NULL),(785,'Feedfire','703927662-3',NULL,NULL),(786,'Eayo','599838204-8',NULL,NULL),(787,'Ooba','911158454-8',NULL,NULL),(788,'Feedfish','725244015-X',NULL,NULL),(789,'Skiba','038978445-1',NULL,NULL),(790,'Oyoyo','632649540-7',NULL,NULL),(791,'Gabtype','761381367-3',NULL,NULL),(792,'Roodel','696585000-0',NULL,NULL),(793,'Skinte','076651750-0',NULL,NULL),(794,'Zoonoodle','997124197-8',NULL,NULL),(795,'Trilia','789852085-8',NULL,NULL),(796,'Linkbuzz','650765126-5',NULL,NULL),(797,'Meejo','765126168-2',NULL,NULL),(798,'Voonte','987736457-3',NULL,NULL),(799,'Realpoint','204966539-3',NULL,NULL),(800,'Kwimbee','853884394-X',NULL,NULL),(801,'Skiptube','544055372-X',NULL,NULL),(802,'Brightdog','063054123-X',NULL,NULL),(803,'Twitterbeat','040480267-2',NULL,NULL),(804,'Roombo','456410567-1',NULL,NULL),(805,'Wordpedia','254263249-9',NULL,NULL),(806,'Riffpedia','914513645-9',NULL,NULL),(807,'Quatz','310981861-2',NULL,NULL),(808,'Meejo','791978205-8',NULL,NULL),(809,'Devpulse','284126924-8',NULL,NULL),(810,'Vinder','371542699-3',NULL,NULL),(811,'Mynte','930685476-5',NULL,NULL),(812,'Fivebridge','922182135-8',NULL,NULL),(813,'Kazio','104090631-1',NULL,NULL),(814,'Camido','216178490-0',NULL,NULL),(815,'Omba','984747619-5',NULL,NULL),(816,'Roomm','431671573-9',NULL,NULL),(817,'Realblab','957534813-3',NULL,NULL),(818,'Chatterpoint','172094091-6',NULL,NULL),(819,'Kimia','804100278-1',NULL,NULL),(820,'Trunyx','428635760-0',NULL,NULL),(821,'Zoonoodle','093541751-6',NULL,NULL),(822,'Dabshots','252651057-0',NULL,NULL),(823,'Devpoint','687236826-8',NULL,NULL),(824,'Ainyx','864900904-2',NULL,NULL),(825,'Jazzy','400819752-4',NULL,NULL),(826,'Devpoint','918937803-2',NULL,NULL),(827,'Kwimbee','482479798-5',NULL,NULL),(828,'Skaboo','450945173-3',NULL,NULL),(829,'Meedoo','001981190-X',NULL,NULL),(830,'Abata','163127057-5',NULL,NULL),(831,'Quatz','804993422-5',NULL,NULL),(832,'Bubblemix','217705807-4',NULL,NULL),(833,'Flipstorm','243637300-0',NULL,NULL),(834,'Yoveo','589518188-0',NULL,NULL),(835,'Zoombox','577068248-5',NULL,NULL),(836,'Babblestorm','426532925-X',NULL,NULL),(837,'DabZ','015816381-8',NULL,NULL),(838,'Linktype','138188915-8',NULL,NULL),(839,'Reallinks','937562904-X',NULL,NULL),(840,'Realfire','128551969-8',NULL,NULL),(841,'Dynabox','821868183-3',NULL,NULL),(842,'Jaxnation','932727585-3',NULL,NULL),(843,'Youspan','950174556-2',NULL,NULL),(844,'Meejo','661986376-0',NULL,NULL),(845,'Linkbridge','495017310-3',NULL,NULL),(846,'Tagtune','972238094-X',NULL,NULL),(847,'Flipstorm','354509859-1',NULL,NULL),(848,'Youspan','794847311-4',NULL,NULL),(849,'Meezzy','266439738-9',NULL,NULL),(850,'Devify','347788539-2',NULL,NULL),(851,'Tagtune','844932693-1',NULL,NULL),(852,'Skinte','575813087-7',NULL,NULL),(853,'Buzzshare','027846129-8',NULL,NULL),(854,'Babblestorm','836581987-2',NULL,NULL),(855,'Dabjam','662935909-7',NULL,NULL),(856,'Oyondu','466027152-8',NULL,NULL),(857,'Tagfeed','884726024-8',NULL,NULL),(858,'Skipfire','523773731-5',NULL,NULL),(859,'Agivu','896550217-9',NULL,NULL),(860,'Rhyzio','390102038-1',NULL,NULL),(861,'Twitternation','234323343-8',NULL,NULL),(862,'Gabvine','839479867-5',NULL,NULL),(863,'Aivee','062041047-7',NULL,NULL),(864,'Vimbo','355494557-9',NULL,NULL),(865,'Skidoo','757632271-3',NULL,NULL),(866,'Ntag','993967996-3',NULL,NULL),(867,'Eayo','799951396-2',NULL,NULL),(868,'Gigazoom','903817418-7',NULL,NULL),(869,'Yabox','869914976-X',NULL,NULL),(870,'Quinu','041059987-5',NULL,NULL),(871,'Kare','841925289-1',NULL,NULL),(872,'Browsecat','421087659-3',NULL,NULL),(873,'Gabtype','746344006-0',NULL,NULL),(874,'Meembee','317140888-0',NULL,NULL),(875,'Mydo','078602793-2',NULL,NULL),(876,'Babblestorm','406993257-7',NULL,NULL),(877,'Abata','911340747-3',NULL,NULL),(878,'Kamba','586378577-2',NULL,NULL),(879,'Flipbug','490938259-3',NULL,NULL),(880,'Npath','926781592-X',NULL,NULL),(881,'Bluezoom','979299439-4',NULL,NULL),(882,'Tazz','385907685-X',NULL,NULL),(883,'Avamm','894632719-7',NULL,NULL),(884,'Browsedrive','436278355-5',NULL,NULL),(885,'Skipfire','325198873-5',NULL,NULL),(886,'Latz','385198543-5',NULL,NULL),(887,'Jabbercube','819849839-7',NULL,NULL),(888,'Zooxo','731961546-0',NULL,NULL),(889,'Zoomlounge','044766673-8',NULL,NULL),(890,'Yambee','018609184-2',NULL,NULL),(891,'BlogXS','408221395-3',NULL,NULL),(892,'Mydeo','254695471-7',NULL,NULL),(893,'Realfire','268733956-3',NULL,NULL),(894,'Oyondu','554260239-8',NULL,NULL),(895,'Skimia','260673851-9',NULL,NULL),(896,'Thoughtsphere','715856868-7',NULL,NULL),(897,'Zooxo','194161120-6',NULL,NULL),(898,'Cogidoo','353065914-2',NULL,NULL),(899,'Mycat','401617583-6',NULL,NULL),(900,'Feedbug','168703734-5',NULL,NULL),(901,'Twitterbridge','763574294-9',NULL,NULL),(902,'Jatri','706390552-X',NULL,NULL),(903,'Kimia','890257167-X',NULL,NULL),(904,'Skimia','239143086-8',NULL,NULL),(905,'Gigazoom','510964621-X',NULL,NULL),(906,'Riffpedia','249853645-0',NULL,NULL),(907,'Tagcat','745202349-8',NULL,NULL),(908,'Demizz','750159016-8',NULL,NULL),(909,'Rhyloo','637076331-4',NULL,NULL),(910,'Oyoba','317808741-9',NULL,NULL),(911,'Tagcat','995720693-1',NULL,NULL),(912,'Minyx','132440848-0',NULL,NULL),(913,'Wikibox','314642781-8',NULL,NULL),(914,'Kwinu','925122687-3',NULL,NULL),(915,'Blogspan','784341287-5',NULL,NULL),(916,'Gigashots','172494628-5',NULL,NULL),(917,'Oodoo','680739129-3',NULL,NULL),(918,'Abata','502471902-6',NULL,NULL),(919,'Gigazoom','075597461-1',NULL,NULL),(920,'Skyba','672476396-7',NULL,NULL),(921,'Rhynoodle','141116008-8',NULL,NULL),(922,'Devcast','705170980-1',NULL,NULL),(923,'Yacero','644042511-0',NULL,NULL),(924,'Fadeo','791100821-3',NULL,NULL),(925,'Yakijo','970528451-2',NULL,NULL),(926,'Janyx','466367638-3',NULL,NULL),(927,'Fivebridge','570067664-8',NULL,NULL),(928,'Snaptags','176266999-4',NULL,NULL),(929,'Yakitri','303791536-6',NULL,NULL),(930,'Dabshots','730602604-6',NULL,NULL),(931,'Topicstorm','312280111-6',NULL,NULL),(932,'Dynabox','708897749-4',NULL,NULL),(933,'Jayo','846011389-2',NULL,NULL),(934,'Linkbridge','792208383-1',NULL,NULL),(935,'Riffpedia','282783483-9',NULL,NULL),(936,'Edgetag','275206552-3',NULL,NULL),(937,'Skimia','726876953-9',NULL,NULL),(938,'Oyoba','129945744-4',NULL,NULL),(939,'Yombu','494206201-2',NULL,NULL),(940,'Wikido','750061551-5',NULL,NULL),(941,'Edgetag','513302784-2',NULL,NULL),(942,'Thoughtstorm','805445188-1',NULL,NULL),(943,'Skinix','428771166-1',NULL,NULL),(944,'Minyx','666986249-0',NULL,NULL),(945,'Realmix','647932879-5',NULL,NULL),(946,'Devcast','243062644-6',NULL,NULL),(947,'Realpoint','054656502-6',NULL,NULL),(948,'Pixoboo','960050998-0',NULL,NULL),(949,'Plambee','172323248-3',NULL,NULL),(950,'Oyondu','361399626-X',NULL,NULL),(951,'Flashset','780914679-3',NULL,NULL),(952,'Voonix','111782277-X',NULL,NULL),(953,'Eazzy','399150900-8',NULL,NULL),(954,'Yodel','180432045-5',NULL,NULL),(955,'Tambee','135741079-4',NULL,NULL),(956,'Gevee','353481664-1',NULL,NULL),(957,'Flashspan','570714232-0',NULL,NULL),(958,'Camimbo','622954270-6',NULL,NULL),(959,'Skimia','686897926-6',NULL,NULL),(960,'Photobug','559758203-8',NULL,NULL),(961,'Topicware','008214797-3',NULL,NULL),(962,'Katz','981703171-3',NULL,NULL),(963,'Kaymbo','715919313-X',NULL,NULL),(964,'Livefish','226072703-4',NULL,NULL),(965,'Quimm','749335937-7',NULL,NULL),(966,'Dynava','023742859-8',NULL,NULL),(967,'Jaxworks','360921560-7',NULL,NULL),(968,'Mydeo','288348430-9',NULL,NULL),(969,'Shuffletag','836601773-7',NULL,NULL),(970,'Talane','746714082-7',NULL,NULL),(971,'Dabshots','023658314-X',NULL,NULL),(972,'BlogXS','222347145-5',NULL,NULL),(973,'Oozz','577655292-3',NULL,NULL),(974,'Topicstorm','222635453-0',NULL,NULL),(975,'JumpXS','658416880-8',NULL,NULL),(976,'Quinu','579187913-X',NULL,NULL),(977,'Lazz','942039025-X',NULL,NULL),(978,'Tagcat','877064420-9',NULL,NULL),(979,'Feedfish','233827518-7',NULL,NULL),(980,'Feednation','323342186-9',NULL,NULL),(981,'Avamm','372504102-4',NULL,NULL),(982,'Kazio','016895179-7',NULL,NULL),(983,'Skivee','429604023-5',NULL,NULL),(984,'Photospace','983663202-6',NULL,NULL),(985,'Riffpedia','206360407-X',NULL,NULL),(986,'Centidel','073700137-2',NULL,NULL),(987,'Avaveo','543042598-2',NULL,NULL),(988,'Ntags','626097539-2',NULL,NULL),(989,'Riffpedia','207729396-9',NULL,NULL),(990,'Dazzlesphere','072668233-0',NULL,NULL),(991,'Tagfeed','624910826-2',NULL,NULL),(992,'Wikivu','161446110-4',NULL,NULL),(993,'Voomm','201130774-0',NULL,NULL),(994,'Thoughtstorm','331855209-7',NULL,NULL),(995,'Avaveo','994384487-6',NULL,NULL),(996,'Demizz','319242884-8',NULL,NULL),(997,'Realfire','031628403-3',NULL,NULL),(998,'Ooba','768532458-X',NULL,NULL),(999,'Jaxworks','389407564-3',NULL,NULL),(1000,'Brainbox','257303779-7',NULL,NULL),(54329,'Provedora del panadero S.A DE C.V','12321441dsa2','2022-05-05 08:43:47','2022-05-05 08:43:47'),(86982,'banco','sadass342q','2022-05-05 10:30:22','2022-05-05 10:30:22');
/*!40000 ALTER TABLE `clientes` ENABLE KEYS */;
UNLOCK TABLES;

--
-- Table structure for table `documentorenglons`
--

DROP TABLE IF EXISTS `documentorenglons`;
/*!40101 SET @saved_cs_client     = @@character_set_client */;
/*!50503 SET character_set_client = utf8mb4 */;
CREATE TABLE `documentorenglons` (
  `IDCODIGO` bigint unsigned NOT NULL,
  `IDMATERIAL` bigint unsigned NOT NULL,
  `UNIDAD_MEDIDA` varchar(10) COLLATE utf8mb4_unicode_ci NOT NULL,
  `CANTIDAD` double(13,3) NOT NULL,
  `PRECIO1` double(13,3) NOT NULL,
  `created_at` timestamp NULL DEFAULT NULL,
  `updated_at` timestamp NULL DEFAULT NULL,
  PRIMARY KEY (`IDCODIGO`,`IDMATERIAL`),
  CONSTRAINT `documentorenglons_idcodigo_foreign` FOREIGN KEY (`IDCODIGO`) REFERENCES `documentos` (`IDCODIGO`)
) ENGINE=InnoDB DEFAULT CHARSET=utf8mb4 COLLATE=utf8mb4_unicode_ci;
/*!40101 SET character_set_client = @saved_cs_client */;

--
-- Dumping data for table `documentorenglons`
--

LOCK TABLES `documentorenglons` WRITE;
/*!40000 ALTER TABLE `documentorenglons` DISABLE KEYS */;
INSERT INTO `documentorenglons` VALUES (36282,30876,'PZA',7.000,500.000,'2022-05-05 22:20:50','2022-05-05 22:20:50'),(39725,29106,'CAJA',1.000,4900.000,'2022-05-05 21:55:59','2022-05-05 21:55:59'),(51124,29106,'CAJA',1.000,4900.000,'2022-05-05 22:30:30','2022-05-05 22:30:30'),(52037,29106,'CAJA',4.000,4900.000,'2022-05-05 22:31:11','2022-05-05 22:31:11'),(66628,30876,'PZA',4.000,500.000,'2022-05-05 22:17:51','2022-05-05 22:17:51'),(74425,61856,'KG',7.000,5000.000,'2022-05-05 22:16:06','2022-05-05 22:16:06'),(77361,29106,'CAJA',9.000,4900.000,'2022-05-05 22:10:31','2022-05-05 22:10:31'),(77361,30876,'PZA',1.000,500.000,'2022-05-05 22:10:31','2022-05-05 22:10:31'),(79213,29106,'CAJA',1.000,4900.000,'2022-05-05 21:56:37','2022-05-05 21:56:37'),(79213,47369,'CAJA',1.000,6000.000,'2022-05-05 21:56:37','2022-05-05 21:56:37'),(85969,47369,'CAJA',8.000,6000.000,'2022-05-05 22:22:26','2022-05-05 22:22:26'),(90156,29106,'CAJA',1.000,4900.000,'2022-05-05 22:12:41','2022-05-05 22:12:41'),(90156,47369,'CAJA',4.000,6000.000,'2022-05-05 22:12:41','2022-05-05 22:12:41');
/*!40000 ALTER TABLE `documentorenglons` ENABLE KEYS */;
UNLOCK TABLES;

--
-- Table structure for table `documentos`
--

DROP TABLE IF EXISTS `documentos`;
/*!40101 SET @saved_cs_client     = @@character_set_client */;
/*!50503 SET character_set_client = utf8mb4 */;
CREATE TABLE `documentos` (
  `IDCODIGO` bigint unsigned NOT NULL AUTO_INCREMENT,
  `IDCLIENTE` bigint unsigned NOT NULL,
  `RAZON_SOCIAL` varchar(60) COLLATE utf8mb4_unicode_ci NOT NULL,
  `RFC` varchar(15) COLLATE utf8mb4_unicode_ci NOT NULL,
  `SUBTOTAL` double(13,3) NOT NULL,
  `IVA` double(13,3) NOT NULL,
  `TOTAL` double(13,3) NOT NULL,
  `created_at` timestamp NULL DEFAULT NULL,
  `updated_at` timestamp NULL DEFAULT NULL,
  PRIMARY KEY (`IDCODIGO`),
  KEY `documentos_idcliente_foreign` (`IDCLIENTE`),
  CONSTRAINT `documentos_idcliente_foreign` FOREIGN KEY (`IDCLIENTE`) REFERENCES `clientes` (`IDCLIENTE`)
) ENGINE=InnoDB AUTO_INCREMENT=93210 DEFAULT CHARSET=utf8mb4 COLLATE=utf8mb4_unicode_ci;
/*!40101 SET character_set_client = @saved_cs_client */;

--
-- Dumping data for table `documentos`
--

LOCK TABLES `documentos` WRITE;
/*!40000 ALTER TABLE `documentos` DISABLE KEYS */;
INSERT INTO `documentos` VALUES (2085,2,'Tekfly','120749200-0',1760.000,240.000,2000.000,'2022-05-05 22:00:40','2022-05-05 22:00:40'),(3250,2,'Tekfly','120749200-0',4312.000,588.000,4900.000,'2022-05-05 21:46:14','2022-05-05 21:46:14'),(3688,2,'Tekfly','120749200-0',21560.000,2940.000,24500.000,'2022-05-05 22:02:30','2022-05-05 22:02:30'),(4991,2,'Tekfly','120749200-0',0.000,0.000,0.000,'2022-05-05 22:10:21','2022-05-05 22:10:21'),(5033,2,'Tekfly','120749200-0',1760.000,240.000,2000.000,'2022-05-05 22:05:34','2022-05-05 22:05:34'),(5339,2,'Tekfly','120749200-0',4420.240,602.760,5023.000,'2022-05-05 21:53:42','2022-05-05 21:53:42'),(36282,2,'Tekfly','120749200-0',3080.000,420.000,3500.000,'2022-05-05 22:20:50','2022-05-05 22:20:50'),(39725,2,'Tekfly','120749200-0',4312.000,588.000,4900.000,'2022-05-05 21:55:59','2022-05-05 21:55:59'),(43523,2,'Tekfly','120749200-0',4312.000,588.000,4900.000,'2022-05-05 21:47:29','2022-05-05 21:47:29'),(51124,6,'Dablist','707985550-0',4312.000,588.000,4900.000,'2022-05-05 22:30:30','2022-05-05 22:30:30'),(52037,42,'Chatterbridge','978634488-X',26048.000,3552.000,29600.000,'2022-05-05 22:31:11','2022-05-05 22:31:11'),(56988,2,'Tekfly','120749200-0',9592.000,1308.000,10900.000,'2022-05-05 21:54:15','2022-05-05 21:54:15'),(60044,2,'Tekfly','120749200-0',26400.000,3600.000,30000.000,'2022-05-05 22:01:41','2022-05-05 22:01:41'),(61052,2,'Tekfly','120749200-0',12936.000,1764.000,14700.000,'2022-05-05 22:07:28','2022-05-05 22:07:28'),(64588,2,'Tekfly','120749200-0',3233.000,23.000,123.000,'2022-05-05 21:18:35','2022-05-05 21:18:35'),(66628,2,'Tekfly','120749200-0',1760.000,240.000,2000.000,'2022-05-05 22:17:51','2022-05-05 22:17:51'),(68322,2,'Tekfly','120749200-0',21120.000,2880.000,24000.000,'2022-05-05 22:06:25','2022-05-05 22:06:25'),(74425,2,'Tekfly','120749200-0',30800.000,4200.000,35000.000,'2022-05-05 22:16:06','2022-05-05 22:16:06'),(77361,2,'Tekfly','120749200-0',39248.000,5352.000,44600.000,'2022-05-05 22:10:31','2022-05-05 22:10:31'),(79213,2,'Tekfly','120749200-0',25432.000,3468.000,28900.000,'2022-05-05 21:56:37','2022-05-05 21:56:37'),(85969,2,'Tekfly','120749200-0',42240.000,5760.000,48000.000,'2022-05-05 22:22:26','2022-05-05 22:22:26'),(87818,2,'Tekfly','120749200-0',3520.000,480.000,4000.000,'2022-05-05 22:21:40','2022-05-05 22:21:40'),(90156,2,'Tekfly','120749200-0',25432.000,3468.000,28900.000,'2022-05-05 22:12:41','2022-05-05 22:12:41'),(93209,2,'Tekfly','120749200-0',1320.000,180.000,1500.000,'2022-05-05 21:20:57','2022-05-05 21:20:57');
/*!40000 ALTER TABLE `documentos` ENABLE KEYS */;
UNLOCK TABLES;

--
-- Table structure for table `failed_jobs`
--

DROP TABLE IF EXISTS `failed_jobs`;
/*!40101 SET @saved_cs_client     = @@character_set_client */;
/*!50503 SET character_set_client = utf8mb4 */;
CREATE TABLE `failed_jobs` (
  `id` bigint unsigned NOT NULL AUTO_INCREMENT,
  `connection` text COLLATE utf8mb4_unicode_ci NOT NULL,
  `queue` text COLLATE utf8mb4_unicode_ci NOT NULL,
  `payload` longtext COLLATE utf8mb4_unicode_ci NOT NULL,
  `exception` longtext COLLATE utf8mb4_unicode_ci NOT NULL,
  `failed_at` timestamp NOT NULL DEFAULT CURRENT_TIMESTAMP,
  PRIMARY KEY (`id`)
) ENGINE=InnoDB DEFAULT CHARSET=utf8mb4 COLLATE=utf8mb4_unicode_ci;
/*!40101 SET character_set_client = @saved_cs_client */;

--
-- Dumping data for table `failed_jobs`
--

LOCK TABLES `failed_jobs` WRITE;
/*!40000 ALTER TABLE `failed_jobs` DISABLE KEYS */;
/*!40000 ALTER TABLE `failed_jobs` ENABLE KEYS */;
UNLOCK TABLES;

--
-- Table structure for table `migrations`
--

DROP TABLE IF EXISTS `migrations`;
/*!40101 SET @saved_cs_client     = @@character_set_client */;
/*!50503 SET character_set_client = utf8mb4 */;
CREATE TABLE `migrations` (
  `id` int unsigned NOT NULL AUTO_INCREMENT,
  `migration` varchar(255) COLLATE utf8mb4_unicode_ci NOT NULL,
  `batch` int NOT NULL,
  PRIMARY KEY (`id`)
) ENGINE=InnoDB AUTO_INCREMENT=6 DEFAULT CHARSET=utf8mb4 COLLATE=utf8mb4_unicode_ci;
/*!40101 SET character_set_client = @saved_cs_client */;

--
-- Dumping data for table `migrations`
--

LOCK TABLES `migrations` WRITE;
/*!40000 ALTER TABLE `migrations` DISABLE KEYS */;
INSERT INTO `migrations` VALUES (1,'2014_10_12_000000_create_users_table',1),(2,'2014_10_12_100000_create_password_resets_table',1),(3,'2019_08_19_000000_create_failed_jobs_table',1),(4,'2022_05_04_210821_create_productos_table',1),(5,'2022_05_04_210836_create_clientes_table',1);
/*!40000 ALTER TABLE `migrations` ENABLE KEYS */;
UNLOCK TABLES;

--
-- Table structure for table `password_resets`
--

DROP TABLE IF EXISTS `password_resets`;
/*!40101 SET @saved_cs_client     = @@character_set_client */;
/*!50503 SET character_set_client = utf8mb4 */;
CREATE TABLE `password_resets` (
  `email` varchar(255) COLLATE utf8mb4_unicode_ci NOT NULL,
  `token` varchar(255) COLLATE utf8mb4_unicode_ci NOT NULL,
  `created_at` timestamp NULL DEFAULT NULL,
  KEY `password_resets_email_index` (`email`)
) ENGINE=InnoDB DEFAULT CHARSET=utf8mb4 COLLATE=utf8mb4_unicode_ci;
/*!40101 SET character_set_client = @saved_cs_client */;

--
-- Dumping data for table `password_resets`
--

LOCK TABLES `password_resets` WRITE;
/*!40000 ALTER TABLE `password_resets` DISABLE KEYS */;
/*!40000 ALTER TABLE `password_resets` ENABLE KEYS */;
UNLOCK TABLES;

--
-- Table structure for table `productos`
--

DROP TABLE IF EXISTS `productos`;
/*!40101 SET @saved_cs_client     = @@character_set_client */;
/*!50503 SET character_set_client = utf8mb4 */;
CREATE TABLE `productos` (
  `IDMATERIAL` varchar(30) COLLATE utf8mb4_unicode_ci NOT NULL,
  `DESCRIPCION` varchar(60) COLLATE utf8mb4_unicode_ci NOT NULL,
  `UNIDADMEDIDA` varchar(10) COLLATE utf8mb4_unicode_ci NOT NULL,
  `PRECIO1` double(13,3) NOT NULL,
  `created_at` timestamp NULL DEFAULT NULL,
  `updated_at` timestamp NULL DEFAULT NULL,
  PRIMARY KEY (`IDMATERIAL`)
) ENGINE=InnoDB DEFAULT CHARSET=utf8mb4 COLLATE=utf8mb4_unicode_ci;
/*!40101 SET character_set_client = @saved_cs_client */;

--
-- Dumping data for table `productos`
--

LOCK TABLES `productos` WRITE;
/*!40000 ALTER TABLE `productos` DISABLE KEYS */;
INSERT INTO `productos` VALUES ('29106','Popote','CAJA',4900.000,'2022-05-05 08:44:30','2022-05-05 08:44:30'),('30876','Jalador','PZA',500.000,'2022-05-05 07:01:43','2022-05-05 07:01:43'),('47369','Platos ROJOS','CAJA',6000.000,'2022-05-05 07:05:45','2022-05-05 08:12:51'),('54684','Escoba','PZA',123.000,'2022-05-05 06:53:56','2022-05-05 06:53:56'),('61856','Tornillos','KG',5000.000,'2022-05-05 08:44:49','2022-05-05 08:44:49');
/*!40000 ALTER TABLE `productos` ENABLE KEYS */;
UNLOCK TABLES;

--
-- Table structure for table `users`
--

DROP TABLE IF EXISTS `users`;
/*!40101 SET @saved_cs_client     = @@character_set_client */;
/*!50503 SET character_set_client = utf8mb4 */;
CREATE TABLE `users` (
  `id` bigint unsigned NOT NULL AUTO_INCREMENT,
  `name` varchar(255) COLLATE utf8mb4_unicode_ci NOT NULL,
  `email` varchar(255) COLLATE utf8mb4_unicode_ci NOT NULL,
  `email_verified_at` timestamp NULL DEFAULT NULL,
  `password` varchar(255) COLLATE utf8mb4_unicode_ci NOT NULL,
  `remember_token` varchar(100) COLLATE utf8mb4_unicode_ci DEFAULT NULL,
  `created_at` timestamp NULL DEFAULT NULL,
  `updated_at` timestamp NULL DEFAULT NULL,
  PRIMARY KEY (`id`),
  UNIQUE KEY `users_email_unique` (`email`)
) ENGINE=InnoDB AUTO_INCREMENT=2 DEFAULT CHARSET=utf8mb4 COLLATE=utf8mb4_unicode_ci;
/*!40101 SET character_set_client = @saved_cs_client */;

--
-- Dumping data for table `users`
--

LOCK TABLES `users` WRITE;
/*!40000 ALTER TABLE `users` DISABLE KEYS */;
INSERT INTO `users` VALUES (1,'Administrador','admin@gmail.com',NULL,'$2y$10$iY3MqLSCrEvy98nyOxiURuHgF09yMFrYSOZRByVW2kWsAasM0ZXd6',NULL,'2022-05-05 04:33:43','2022-05-05 04:33:43');
/*!40000 ALTER TABLE `users` ENABLE KEYS */;
UNLOCK TABLES;
/*!40103 SET TIME_ZONE=@OLD_TIME_ZONE */;

/*!40101 SET SQL_MODE=@OLD_SQL_MODE */;
/*!40014 SET FOREIGN_KEY_CHECKS=@OLD_FOREIGN_KEY_CHECKS */;
/*!40014 SET UNIQUE_CHECKS=@OLD_UNIQUE_CHECKS */;
/*!40101 SET CHARACTER_SET_CLIENT=@OLD_CHARACTER_SET_CLIENT */;
/*!40101 SET CHARACTER_SET_RESULTS=@OLD_CHARACTER_SET_RESULTS */;
/*!40101 SET COLLATION_CONNECTION=@OLD_COLLATION_CONNECTION */;
/*!40111 SET SQL_NOTES=@OLD_SQL_NOTES */;

-- Dump completed on 2022-05-05 14:24:59
